{"train/mean_token_accuracy":0.9982813000679016,"train/num_tokens":2.4035328e+09,"total_flos":4.359692540392243e+18,"_timestamp":1.7556070112086504e+09,"train_steps_per_second":0.05,"train/loss":0.0228,"train/global_step":1050,"train/grad_norm":0.3170544505119324,"train_loss":0.48811253676989247,"train_samples_per_second":111.114,"train/epoch":50,"train_runtime":21047.7333,"train/learning_rate":4.571285265209113e-10,"_step":1050,"_runtime":21050,"_wandb":{"runtime":21050}}