{"_runtime":2116,"train/num_tokens":2.4035328e+08,"train_loss":0.9052193324480738,"train_runtime":2110.4508,"train_steps_per_second":0.05,"train/global_step":105,"total_flos":4.359692540392243e+17,"train/grad_norm":0.446777880191803,"train/mean_token_accuracy":0.991182009379069,"train/learning_rate":4.651163766484779e-08,"train_samples_per_second":110.815,"_wandb":{"runtime":2116},"train/epoch":5,"_step":105,"train/loss":0.0608,"_timestamp":1.7556148111130686e+09}